{
    "model_name": "XGBoost_Final",
    "accuracy": 0.757504873294347,
    "class_metrics": {
        "P1": {
            "precision": 0.7565543071161048,
            "recall": 0.6171079429735234,
            "f1_score": 0.6797532249018509,
            "support": 