{
    "model_name": "XGBoost_Final",
    "accuracy": 0.7559454191033138,
    "class_metrics": {
        "P1": {
            "precision": 0.7506172839506173,
            "recall": 0.6191446028513238,
            "f1_score": 0.6785714285714286,
            "support": 